name	rc	elapsed_seconds	result_subtype	stdout_lines	stderr_bytes	api_error_count	web_text_count	code_progress_count	read_progress_count	bash_progress_count	result_count	abrupt_stop
complex-1	0	133	success	1364	0	2	7	12	14	3	1	
complex-2	0	77	success	678	0	0	1	5	6	4	1	
search-1	0	92	success	143	0	0	20	0	0	0	1	
search-2	0	97	success	112	0	0	12	0	0	0	1	
session-turn-1	0	17	success	9	0	0	0					0
session-turn-2	1	1		0	74	1	0					1
session-turn-3	1	0		0	74	1	0					1
session-turn-4	1	0		0	74	1	0					1
simple-1	0	144	success	2005	0	0	1	5	3	1	1	
simple-2	0	117	success	2161	0	2	0	6	8	0	1	
